id,created_at,first_name,last_name,email,cell_phone,country,state,street,number,additionals
0,2017-11-01 14:45:41,Marta,Jesus,,9 9102-7834,Brasil,Acre,,,Conjunto 16
1,2017-10-16 00:50:39,Luana,Almeida,,9 7328-8718,Brasil,Rio Grande do Sul,Avenida 56 do Estado Rio Grande do Sul,989.0,Conjunto 17
2,2018-06-16 17:51:29,Frida,Mendes,frida@meu_email.com,9 5906-7552,Brasil,São Paulo,Avenida 59 do Estado São Paulo,534.0,
3,2018-01-17 03:02:58,Daniela,Avelino,daniela@exemplo.com,9 4642-9486,Brasil,Mato Grosso,,,
4,2018-08-06 07:24:16,Romário,Teixeira,,9 3093-6522,Brasil,Bahia,Praça 56 do Estado Bahia,191.0,Apto 12
5,2018-01-05 17:20:49,Marcelo,Barroso,,9 2830-2088,Brasil,Rio Grande do Sul,Rua 28 do Estado Rio Grande do Sul,805.0,Conjunto 13
6,2018-06-18 11:17:42,Cristiano,Elísio,cristiano@exemplo.com,9 3532-8404,Brasil,Goiás,Rua 78 do Estado Goiás,877.0,Apto 14
7,2018-02-08 12:36:09,Everton,Barbosa,everton@meu_email.com,9 2553-4087,Brasil,Distrito Federal,Avenida 86 do Estado Distrito Federal,864.0,Apto 14
8,2017-12-16 20:47:03,Gabriela,Alves,gabriela@exemplo.com,9 1353-8433,Brasil,Santa Catarina,,,
9,2018-11-11 11:48:41,Luan,Dias,luan@exemplo.com,9 2417-3678,Brasil,Distrito Federal,Avenida 54 do Estado Distrito Federal,889.0,Conjunto 14
10,2017-12-16 15:41:00,Mariana,Alves,mariana@meu_email.com,9 1846-6377,Brasil,Santa Catarina,,,
11,2018-05-16 03:39:52,James,Albuquerque,,9 2430-5905,Brasil,Sergipe,Rua 30 do Estado Sergipe,229.0,
12,2018-03-28 00:24:00,Carol,Barboza,carol@exemplo.com,9 8487-3501,Brasil,Mato Grosso,Rua 31 do Estado Mato Grosso,1.0,Conjunto 23
13,2018-08-27 21:15:17,Carolina,Monteiro,carolina@teste.com,9 1226-4267,Brasil,Rio Grande do Sul,Rua 4 do Estado Rio Grande do Sul,444.0,Apto 21
14,2017-11-12 03:02:41,Francisco,Nascimento,francisco@exemplo.com,9 7264-9020,Brasil,Distrito Federal,Rua 75 do Estado Distrito Federal,47.0,
15,2018-11-15 18:00:53,Stephanie,Barbosa,stephanie@usuario.com,9 1446-3560,Brasil,Mato Grosso,,,Conjunto 4
16,2017-12-12 21:29:54,Laura,Santos,laura@exemplo.com,9 7802-6152,Brasil,Maranhão,Rua 57 do Estado Maranhão,213.0,
17,2017-10-19 20:18:14,João,Magalhães,joão@exemplo.com,9 5995-1272,Brasil,Pernambuco,Rua 20 do Estado Pernambuco,781.0,Apto 17
18,2018-06-28 04:53:52,Jair,Magalhães,jair@exemplo.com,9 8368-1315,Brasil,Alagoas,Avenida 74 do Estado Alagoas,118.0,Conjunto 8
19,2018-10-20 19:31:52,Caíque,Monteiro,caíque@exemplo.com,9 9793-9986,Brasil,Piauí,,,Conjunto 13
20,2017-12-22 10:51:28,Adalberto,Silva,adalberto@usuario.com,9 1338-1447,Brasil,São Paulo,Rua 57 do Estado São Paulo,851.0,Conjunto 20
21,2018-02-21 15:35:55,Diego,Freire,diego@teste.com,9 6686-4094,Brasil,Bahia,Praça 4 do Estado Bahia,906.0,Apto 20
22,2018-04-18 22:43:29,Heitor,Pereira,,9 4839-8118,Brasil,Maranhão,Avenida 84 do Estado Maranhão,948.0,
23,2017-10-26 00:35:22,Maria,Pires,,9 8229-1067,Brasil,Amazonas,Avenida 80 do Estado Amazonas,581.0,
24,2018-07-25 09:34:12,Jair,Barroso,jair@teste.com,9 6679-6120,Brasil,Ceará,Rua 86 do Estado Ceará,770.0,Apto 21
25,2018-08-07 12:22:40,Alice,Veloso,alice@exemplo.com,9 9869-3706,Brasil,Minas Gerais,Praça 73 do Estado Minas Gerais,571.0,
26,2018-12-12 11:56:14,Eloá,da Silva,eloá@usuario.com,9 3982-5948,Brasil,Espírito Santo,Avenida 98 do Estado Espírito Santo,706.0,
27,2018-11-08 11:12:47,Luan,Lima,luan@teste.com,9 2529-8197,Brasil,Acre,Praça 86 do Estado Acre,303.0,Apto 27
28,2017-11-26 05:17:39,Beatriz,Araújo,beatriz@usuario.com,9 4543-3853,Brasil,Minas Gerais,Praça 7 do Estado Minas Gerais,536.0,Conjunto 5
29,2018-06-03 17:08:52,Geisa,Santos,geisa@meu_email.com,9 4653-9739,Brasil,Rio Grande do Norte,Avenida 77 do Estado Rio Grande do Norte,486.0,Conjunto 13
30,2018-06-08 07:49:50,Gabriel,Teixeira,gabriel@exemplo.com,9 7419-5325,Brasil,Rio Grande do Sul,Avenida 7 do Estado Rio Grande do Sul,94.0,
31,2018-07-02 22:04:08,Geisa,Freitas,geisa@exemplo.com,9 6772-5310,Brasil,Mato Grosso do Sul,Rua 18 do Estado Mato Grosso do Sul,128.0,
32,2018-07-22 11:59:27,Ana,Campos,ana@teste.com,9 1932-9841,Brasil,Bahia,Avenida 52 do Estado Bahia,402.0,
33,2017-12-28 12:51:34,João,da Silva,joão@usuario.com,9 2813-8103,Brasil,Paraná,Avenida 27 do Estado Paraná,240.0,Apto 6
34,2018-10-05 01:14:05,José,Campos,josé@teste.com,9 7552-4340,Brasil,Goiás,Praça 25 do Estado Goiás,884.0,Apto 7
35,2018-04-19 10:10:22,Adalberto,Dias,adalberto@usuario.com,9 8395-7004,Brasil,Espírito Santo,Rua 37 do Estado Espírito Santo,383.0,Apto 13
36,2018-01-26 03:29:13,Mariana,Góes,mariana@meu_email.com,9 7324-4293,Brasil,,,,Apto 25
37,2018-03-02 22:27:03,Daniela,Monteiro,daniela@meu_email.com,9 4704-5844,Brasil,Goiás,Rua 43 do Estado Goiás,116.0,Apto 28
38,2018-09-01 09:33:57,Marcelo,Mendes,,9 6773-1560,Brasil,Espírito Santo,Avenida 64 do Estado Espírito Santo,213.0,
39,2017-11-15 07:17:25,Caio,Batista,caio@usuario.com,9 4761-6542,Brasil,Maranhão,Avenida 87 do Estado Maranhão,656.0,Apto 25
40,2018-08-17 13:21:08,Gabriela,Nascimento,gabriela@teste.com,9 5382-5772,Brasil,Amapá,Avenida 85 do Estado Amapá,476.0,
41,2018-11-30 17:44:09,Maria,Morais,maria@usuario.com,9 1519-4181,Brasil,Pernambuco,Avenida 69 do Estado Pernambuco,633.0,
42,2018-04-09 19:12:23,João,Almeida,joão@usuario.com,9 4650-1753,Brasil,Goiás,Praça 3 do Estado Goiás,986.0,Apto 9
43,2018-01-07 07:54:22,Daniela,Lima,,9 1763-2584,Brasil,Rio de Janeiro,,,Apto 20
44,2018-04-08 07:18:45,Júlia,Costa,júlia@usuario.com,9 5446-9508,Brasil,Rio Grande do Norte,Avenida 46 do Estado Rio Grande do Norte,277.0,Conjunto 14
45,2018-05-10 23:09:25,Gerson,Anjos,gerson@meu_email.com,9 1590-8972,Brasil,Mato Grosso do Sul,Avenida 35 do Estado Mato Grosso do Sul,229.0,Apto 29
46,2018-07-19 08:33:32,Rafael,Freire,rafael@exemplo.com,9 8703-1006,Brasil,Maranhão,Praça 97 do Estado Maranhão,138.0,
47,2018-09-01 23:00:40,Júlia,Castro,júlia@exemplo.com,9 7096-1780,Brasil,Rio de Janeiro,Rua 39 do Estado Rio de Janeiro,983.0,Conjunto 7
48,2018-05-29 04:22:54,Clarissa,Albuquerque,clarissa@exemplo.com,9 7403-4273,Brasil,Ceará,,,Apto 12
49,2018-11-01 02:13:51,Júlia,Sousa,júlia@exemplo.com,9 2094-8467,Brasil,Rondônia,Rua 12 do Estado Rondônia,260.0,Apto 27
50,2018-08-24 07:52:23,Beatriz,Monteiro,beatriz@teste.com,9 3570-4464,Brasil,Minas Gerais,Avenida 17 do Estado Minas Gerais,223.0,Conjunto 22
51,2017-12-26 15:38:15,Caio,Mendes,caio@teste.com,9 6437-5008,Brasil,Pernambuco,Rua 34 do Estado Pernambuco,931.0,
52,2017-12-04 17:42:34,Bruno,Anjos,bruno@teste.com,9 3004-3740,Brasil,Goiás,Rua 53 do Estado Goiás,825.0,
53,2018-03-25 14:26:49,Daniela,Mendes,daniela@teste.com,9 3797-3399,Brasil,Pernambuco,Rua 71 do Estado Pernambuco,760.0,Apto 14
54,2018-01-25 02:11:25,Diego,Teixeira,diego@exemplo.com,9 5247-1737,Brasil,Pará,Rua 8 do Estado Pará,722.0,Conjunto 16
55,2018-07-10 18:40:07,Gabriela,Pires,gabriela@meu_email.com,9 1214-1539,Brasil,Rio de Janeiro,Rua 32 do Estado Rio de Janeiro,838.0,Apto 29
56,2017-12-01 22:40:40,Cristiano,Fagundes,cristiano@usuario.com,9 7680-6400,Brasil,Piauí,Avenida 20 do Estado Piauí,236.0,Apto 30
57,2018-08-23 03:31:05,Stephanie,Barboza,stephanie@meu_email.com,9 1168-6722,Brasil,Maranhão,Avenida 25 do Estado Maranhão,795.0,
58,2018-09-13 03:13:02,Rafael,Rodrigues,rafael@meu_email.com,9 6550-3557,Brasil,Bahia,Praça 94 do Estado Bahia,647.0,Apto 25
59,2017-12-03 16:24:32,Stephanie,Freire,stephanie@usuario.com,9 3256-1853,Brasil,São Paulo,Rua 52 do Estado São Paulo,34.0,Apto 24
60,2018-06-26 18:47:12,Carol,Bueno,carol@usuario.com,9 9814-4736,Brasil,Santa Catarina,Rua 10 do Estado Santa Catarina,47.0,Conjunto 12
61,2018-04-30 18:36:56,Francisco,Abreu,francisco@exemplo.com,9 6754-1775,Brasil,Amapá,Rua 72 do Estado Amapá,50.0,Apto 12
62,2018-01-21 13:56:16,Carol,Anjos,carol@usuario.com,9 2123-9306,Brasil,Pernambuco,Praça 12 do Estado Pernambuco,928.0,Conjunto 26
63,2018-05-05 17:52:26,Caíque,Batista,caíque@teste.com,9 8818-5886,Brasil,Ceará,Rua 76 do Estado Ceará,239.0,Apto 19
64,2018-10-30 15:47:32,Luan,Ramos,luan@exemplo.com,9 6843-3876,Brasil,Pernambuco,Rua 63 do Estado Pernambuco,345.0,Conjunto 10
65,2018-02-06 05:56:36,Willian,Freitas,,9 3043-7382,Brasil,Rio de Janeiro,Rua 91 do Estado Rio de Janeiro,96.0,Apto 7
66,2018-10-18 04:31:59,Stephanie,Abreu,stephanie@meu_email.com,9 6466-2389,Brasil,Mato Grosso,Rua 19 do Estado Mato Grosso,53.0,Conjunto 13
67,2018-08-31 18:22:52,Laura,Pires,laura@meu_email.com,9 8144-6047,Brasil,Mato Grosso do Sul,Praça 23 do Estado Mato Grosso do Sul,47.0,Apto 7
68,2018-11-14 11:04:35,José,Pires,josé@usuario.com,9 8189-2149,Brasil,Ceará,Avenida 99 do Estado Ceará,231.0,
69,2018-02-20 19:16:26,Gustavo,Cardoso,gustavo@teste.com,9 7594-9211,Brasil,Amazonas,Praça 52 do Estado Amazonas,698.0,
70,2017-10-22 12:49:39,Diego,Barboza,,9 4849-7409,Brasil,Mato Grosso do Sul,Avenida 3 do Estado Mato Grosso do Sul,250.0,
71,2017-12-12 16:16:52,Gerson,Barroso,gerson@exemplo.com,9 5719-4227,Brasil,Pernambuco,,,Apto 2
72,2018-01-29 03:19:24,Neymar,Elísio,neymar@teste.com,9 5373-1785,Brasil,Rio Grande do Sul,Rua 49 do Estado Rio Grande do Sul,929.0,
73,2018-02-03 07:37:38,Cristiano,Almeida,cristiano@usuario.com,9 2630-9907,Brasil,,,,Conjunto 24
74,2018-04-22 05:00:28,Júlia,Almeida,júlia@meu_email.com,9 9208-5213,Brasil,Maranhão,Praça 25 do Estado Maranhão,953.0,Conjunto 4
75,2018-06-21 14:28:03,Marta,Abreu,,9 9024-3467,Brasil,Roraima,Avenida 67 do Estado Roraima,410.0,Conjunto 23
76,2018-04-16 04:53:31,Romário,Rosa,romário@meu_email.com,9 8710-8305,Brasil,Rio Grande do Sul,Praça 75 do Estado Rio Grande do Sul,110.0,Conjunto 10
77,2018-11-30 10:29:55,Ana,Monteiro,ana@teste.com,9 3871-4132,Brasil,Bahia,Praça 86 do Estado Bahia,604.0,Apto 30
78,2017-11-02 22:13:22,Laura,Queiroz,laura@exemplo.com,9 6338-8617,Brasil,São Paulo,Praça 19 do Estado São Paulo,878.0,Conjunto 3
79,2017-12-13 08:41:05,Hélen,Souza,hélen@teste.com,9 9974-1066,Brasil,Paraná,Avenida 20 do Estado Paraná,661.0,Conjunto 13
80,2018-10-10 00:06:32,Daniela,Góes,daniela@usuario.com,9 5394-6677,Brasil,Alagoas,Praça 22 do Estado Alagoas,235.0,
81,2018-01-13 10:35:01,Alice,Ferreira,alice@teste.com,9 9005-2493,Brasil,Minas Gerais,Praça 53 do Estado Minas Gerais,83.0,
82,2018-11-04 18:02:42,Heitor,Rocha,heitor@teste.com,9 3236-7429,Brasil,Espírito Santo,Praça 82 do Estado Espírito Santo,14.0,
83,2018-01-05 00:15:03,Frida,Freire,,9 4760-1383,Brasil,Alagoas,Rua 25 do Estado Alagoas,679.0,Conjunto 9
84,2018-11-01 15:39:40,Carol,Bueno,carol@meu_email.com,9 3760-2211,Brasil,,,,Conjunto 26
85,2017-11-24 12:44:36,Eduardo,Teixeira,,9 2537-7930,Brasil,Rio Grande do Norte,,,
86,2018-03-12 09:30:24,Adalberto,Oliveira,adalberto@teste.com,9 3081-3441,Brasil,Roraima,Rua 40 do Estado Roraima,401.0,Conjunto 17
87,2018-08-16 20:25:23,Beatriz,Abreu,beatriz@usuario.com,9 2254-6798,Brasil,Acre,Rua 95 do Estado Acre,482.0,Conjunto 16
88,2017-10-12 15:17:05,Rafael,Batista,rafael@usuario.com,9 8656-5668,Brasil,Ceará,Rua 78 do Estado Ceará,787.0,Apto 3
89,2017-12-07 19:24:54,Daniela,Pires,daniela@usuario.com,9 6666-2265,Brasil,Bahia,Rua 31 do Estado Bahia,441.0,
90,2017-12-16 22:14:58,Stephanie,Rosa,,9 3040-4414,Brasil,Rio Grande do Norte,,,
91,2018-09-12 22:12:05,Daniel,Costa,daniel@teste.com,9 4761-6557,Brasil,Rio Grande do Norte,Praça 25 do Estado Rio Grande do Norte,281.0,Apto 8
92,2017-10-16 16:29:15,Beatriz,Bueno,beatriz@teste.com,9 4435-2960,Brasil,Acre,Rua 71 do Estado Acre,978.0,Apto 24
93,2018-11-02 08:43:47,Ronaldo,Galo,ronaldo@meu_email.com,9 8821-9577,Brasil,Pernambuco,Avenida 8 do Estado Pernambuco,758.0,Apto 2
94,2018-10-29 11:39:58,Cristiano,Pereira,cristiano@meu_email.com,9 4404-8717,Brasil,Piauí,Praça 100 do Estado Piauí,809.0,
95,2018-10-01 11:35:59,Mariana,Rosa,mariana@usuario.com,9 3139-2145,Brasil,,,,
96,2018-01-23 19:14:21,Paulo,Câmara,paulo@usuario.com,9 4785-1135,Brasil,Sergipe,Praça 73 do Estado Sergipe,219.0,Apto 6
97,2018-07-04 18:45:41,Marta,Góes,marta@teste.com,9 4102-4352,Brasil,Paraná,Rua 61 do Estado Paraná,402.0,Apto 24
98,2018-01-24 16:21:06,Cibele,Costa,cibele@meu_email.com,9 4211-6968,Brasil,Mato Grosso,Praça 75 do Estado Mato Grosso,24.0,
99,2018-07-24 08:26:27,Jéssica,Jesus,jéssica@usuario.com,9 6100-1466,Brasil,Paraná,Avenida 19 do Estado Paraná,738.0,Conjunto 22
